﻿<?xml version='1.0' encoding='UTF-8'?>
<dd:deploy xmlns:dd="http://www.apache.org/ode/schemas/dd/2007/03"><dd:process xmlns:typens="urn:ActionWebService" xmlns:dd="http://www.apache.org/ode/schemas/dd/2007/03" xmlns:ns="http://localhost:8080/JoinerCamelizer" xmlns:diag="http://example.com/JoinerCamelizer" xmlns:xs="http://www.w3.org/2001/XMLSchema" xmlns:this="http://example.com/JoinerCamelizer/JoinerCamelizer" xmlns:Joiner="http://example.com/JoinerCamelizer/Joiner" xmlns:Client="http://example.com/JoinerCamelizer/Client" xmlns:xsi="http://www.w3.org/2001/XMLSchema-instance" xmlns:Camelizer="http://example.com/JoinerCamelizer/Camelizer" name="this:JoinerCamelizer" fileName="JoinerCamelizer-JoinerCamelizer.bpel">
  <dd:property name="PATH">JoinerCamelizer</dd:property>
  <dd:property name="SVG">JoinerCamelizer.svg</dd:property>
  <dd:provide partnerLink="joinerCamelizerAndClientPlkVar">
    <dd:service name="this:CanonicServiceForClient" port="canonicPort"></dd:service>
  </dd:provide>
  <dd:invoke partnerLink="joinerCamelizerAndJoinerForJoinerJoinerPortPlkVar">
    <dd:service name="typens:JoinerService" port="JoinerJoinerPort"></dd:service>
  </dd:invoke>
  <dd:invoke partnerLink="joinerCamelizerAndCamelizerForCamelizerCamelizerPortPlkVar">
    <dd:service name="typens:CamelizerService" port="CamelizerCamelizerPort"></dd:service>
  </dd:invoke>
</dd:process></dd:deploy>